ref,value,notes
J1,1x12 2.54mm header,ESP32-C6 Super Mini wiring header
U1,TXS0108E level converter,"A side 3V3 to ESP32-C6, B side 5V to MCP2515"
J2,1x9 2.54mm header,MCP2515 + TJA1050 module header
J3,1x8 2.54mm header,EC200U UART/control header
J4,1x6 5.08mm terminal,OBD/power/CAN cable terminal
J5,1x4 5.08mm terminal,XY-3606 buck module terminals
J6,1x2 5.08mm terminal,Separate EC200U VBAT input
SW1,2-pin momentary switch,EC200U PWRKEY to GND
MH1-MH4,M3 NPTH mounting holes,Aligns with 122 mm x 82 mm enclosure envelope
